year,State,City,pollutant,pollutant_rank,type,Latitude,Longitude
2000,Oklahoma,Ponca City,0.041106523,1,O3,36.704703,-97.00798
2000,North Carolina,Charlotte,0.035219866,2,O3,35.248292,-80.82748
2000,Oklahoma,Park Hill,0.034708019,3,O3,35.742956,-94.96737
2000,Kentucky,Paducah,0.032947262,4,O3,37.066543,-88.65687
2000,California,Victorville,0.031421954,5,O3,34.489466,-117.35321
2000,Kentucky,Ashland,0.028975523,6,O3,38.439526,-82.6932
2000,Pennsylvania,Norristown,0.028891219,7,O3,39.983153,-75.748055
2000,Texas,El Paso,0.028772603,8,O3,31.694842,-106.299987
2000,Texas,El Paso,0.028381354,9,O3,31.694842,-106.299987
2000,California,Lompoc,0.028303936,10,O3,34.639682,-120.4471
2001,Oklahoma,Ponca City,0.040246785,1,O3,36.704703,-97.00798
2001,Texas,El Paso,0.034390626,2,O3,31.694842,-106.299987
2001,North Carolina,Charlotte,0.032714585,3,O3,35.248292,-80.82748
2001,Oklahoma,Miami,0.03265901,4,O3,36.83408,-94.877031
2001,Kentucky,Paducah,0.032573243,5,O3,37.066543,-88.65687
2001,Pennsylvania,Norristown,0.032007483,6,O3,39.983153,-75.748055
2001,Oklahoma,Park Hill,0.031912018,7,O3,35.742956,-94.96737
2001,Pennsylvania,Lancaster,0.031568569,8,O3,40.0185,-76.297582
2001,Kentucky,Ashland,0.031431436,9,O3,38.439526,-82.6932
2001,California,Victorville,0.031322539,10,O3,34.489466,-117.35321
2002,Nevada,Boulder City,0.041216693,1,O3,35.927901,-114.972061
2002,California,Lompoc,0.036345963,2,O3,34.639682,-120.4471
2002,North Carolina,Charlotte,0.0358075,3,O3,35.248292,-80.82748
2002,Texas,El Paso,0.035346287,4,O3,31.694842,-106.299987
2002,Kentucky,Ashland,0.034529597,5,O3,38.439526,-82.6932
2002,Oklahoma,Ponca City,0.033285297,6,O3,36.704703,-97.00798
2002,Pennsylvania,York,0.033063452,7,O3,39.962463,-76.72887
2002,Pennsylvania,Lancaster,0.032741741,8,O3,40.0185,-76.297582
2002,Pennsylvania,Norristown,0.032149278,9,O3,39.983153,-75.748055
2002,California,Victorville,0.031875333,10,O3,34.489466,-117.35321
2003,Nevada,Boulder City,0.041386006,1,O3,35.927901,-114.972061
2003,Oklahoma,Ponca City,0.036152504,2,O3,36.704703,-97.00798
2003,Oklahoma,Miami,0.036097668,3,O3,36.83408,-94.877031
2003,Kentucky,Ashland,0.036091709,4,O3,38.439526,-82.6932
2003,Oklahoma,Park Hill,0.033943839,5,O3,35.742956,-94.96737
2003,California,Costa Mesa,0.03345366,6,O3,33.677224,-117.90863
2003,Texas,El Paso,0.033003279,7,O3,31.694842,-106.299987
2003,California,Crockett,0.032396868,8,O3,38.05282,-122.2234
2003,California,Fresno,0.032348462,9,O3,36.746375,-119.639658
2003,California,Victorville,0.031988079,10,O3,34.489466,-117.35321
2004,California,Los Angeles,0.037315545,1,O3,34.089459,-118.3285
2004,Oklahoma,Ponca City,0.036372958,2,O3,36.704703,-97.00798
2004,Texas,El Paso,0.03167482,3,O3,31.694842,-106.299987
2004,Oklahoma,Miami,0.031565167,4,O3,36.83408,-94.877031
2004,California,Victorville,0.030979909,5,O3,34.489466,-117.35321
2004,North Carolina,Charlotte,0.030796341,6,O3,35.248292,-80.82748
2004,Oklahoma,Park Hill,0.03074155,7,O3,35.742956,-94.96737
2004,California,Costa Mesa,0.030523606,8,O3,33.677224,-117.90863
2004,Pennsylvania,York,0.029912517,9,O3,39.962463,-76.72887
2004,New York,Holtsville,0.029893437,10,O3,40.922326,-72.637078
2005,Oklahoma,Miami,0.037411289,1,O3,36.83408,-94.877031
2005,Pennsylvania,Erie,0.035836545,2,O3,42.127807,-80.06351
2005,Pennsylvania,York,0.033474009,3,O3,39.962463,-76.72887
2005,Oklahoma,Park Hill,0.032518955,4,O3,35.742956,-94.96737
2005,Texas,El Paso,0.032268116,5,O3,31.694842,-106.299987
2005,North Carolina,Charlotte,0.032038828,6,O3,35.248292,-80.82748
2005,California,Victorville,0.03190734,7,O3,34.489466,-117.35321
2005,Michigan,Grand Rapids,0.031822974,8,O3,43.031413,-85.550267
2005,California,Chula Vista,0.031454179,9,O3,32.638654,-117.06686
2005,Pennsylvania,Lancaster,0.031401033,10,O3,40.0185,-76.297582
2006,Oklahoma,Park Hill,0.034775686,1,O3,35.742956,-94.96737
2006,Pennsylvania,Erie,0.033563642,2,O3,42.127807,-80.06351
2006,Maryland,Essex,0.033159006,3,O3,39.307737,-76.45171
2006,North Carolina,Charlotte,0.032401222,4,O3,35.248292,-80.82748
2006,California,Chula Vista,0.031522388,5,O3,32.638654,-117.06686
2006,California,Victorville,0.031498808,6,O3,34.489466,-117.35321
2006,Pennsylvania,Lancaster,0.031450633,7,O3,40.0185,-76.297582
2006,Pennsylvania,Norristown,0.031091254,8,O3,39.983153,-75.748055
2006,Texas,El Paso,0.031014458,9,O3,31.694842,-106.299987
2006,Virginia,Alexandria,0.030884136,10,O3,38.815762,-77.09005
2007,Pennsylvania,Erie,0.03469856,1,O3,42.127807,-80.06351
2007,Pennsylvania,York,0.033794651,2,O3,39.962463,-76.72887
2007,California,Chula Vista,0.033529465,3,O3,32.638654,-117.06686
2007,Pennsylvania,Lancaster,0.03295584,4,O3,40.0185,-76.297582
2007,California,Victorville,0.032692101,5,O3,34.489466,-117.35321
2007,California,Fresno,0.032199492,6,O3,36.746375,-119.639658
2007,Pennsylvania,Scranton,0.031923365,7,O3,41.401881,-75.637626
2007,Texas,El Paso,0.031854867,8,O3,31.694842,-106.299987
2007,Virginia,Annandale,0.031844141,9,O3,38.830345,-77.21387
2007,Pennsylvania,Bristol,0.031628698,10,O3,40.108943,-74.85548
2008,California,Victorville,0.034026209,1,O3,34.489466,-117.35321
2008,Pennsylvania,Erie,0.033702424,2,O3,42.127807,-80.06351
2008,California,Fresno,0.032941475,3,O3,36.746375,-119.639658
2008,Pennsylvania,Norristown,0.032887275,4,O3,39.983153,-75.748055
2008,California,Chula Vista,0.031921386,5,O3,32.638654,-117.06686
2008,Texas,El Paso,0.0318335,6,O3,31.694842,-106.299987
2008,Pennsylvania,Lancaster,0.030694992,7,O3,40.0185,-76.297582
2008,New York,Holtsville,0.030578187,8,O3,40.922326,-72.637078
2008,Connecticut,Westport,0.030499879,9,O3,41.140896,-73.35178
2008,California,Costa Mesa,0.029950923,10,O3,33.677224,-117.90863
2009,California,Victorville,0.035621385,1,O3,34.489466,-117.35321
2009,Oklahoma,Park Hill,0.033135583,2,O3,35.742956,-94.96737
2009,California,Chula Vista,0.032533455,3,O3,32.638654,-117.06686
2009,Ohio,Athens,0.031390595,4,O3,39.322847,-82.09728
2009,Pennsylvania,Erie,0.030815514,5,O3,42.127807,-80.06351
2009,California,Fresno,0.030075222,6,O3,36.746375,-119.639658
2009,Texas,Waco,0.029327945,7,O3,31.535916,-97.18588
2009,California,Costa Mesa,0.028809438,8,O3,33.677224,-117.90863
2009,New York,Holtsville,0.028709139,9,O3,40.922326,-72.637078
2009,Florida,Winter Park,0.028474348,10,O3,28.566338,-81.260818
2010,Virginia,Hampton,0.038141827,1,O3,37.072658,-76.38992
2010,Pennsylvania,Erie,0.035113047,2,O3,42.127807,-80.06351
2010,New York,Holtsville,0.03490895,3,O3,40.922326,-72.637078
2010,California,Victorville,0.034265264,4,O3,34.489466,-117.35321
2010,Virginia,Alexandria,0.033322995,5,O3,38.815762,-77.09005
2010,Pennsylvania,Bristol,0.031810404,6,O3,40.108943,-74.85548
2010,Connecticut,Westport,0.031335659,7,O3,41.140896,-73.35178
2010,Connecticut,Cornwall,0.031015705,8,O3,41.828067,-73.332345
2010,Pennsylvania,York,0.030882252,9,O3,39.962463,-76.72887
2010,Iowa,Davenport,0.03058088,10,O3,41.613034,-90.606284
2011,Oklahoma,Oklahoma City,0.039083457,1,O3,35.498461,-97.39314
2011,Virginia,Hampton,0.036181684,2,O3,37.072658,-76.38992
2011,Connecticut,Cornwall,0.035147359,3,O3,41.828067,-73.332345
2011,California,Fresno,0.033086448,4,O3,36.746375,-119.639658
2011,New Mexico,Albuquerque,0.032716853,5,O3,35.044339,-106.672872
2011,Texas,Waco,0.032432506,6,O3,31.535916,-97.18588
2011,Virginia,Alexandria,0.031547393,7,O3,38.815762,-77.09005
2011,Oklahoma,Tulsa,0.030893747,8,O3,36.096296,-95.8847
2011,California,Victorville,0.030750319,9,O3,34.489466,-117.35321
2011,Rhode Island,East Providence,0.030741,10,O3,41.8124,-71.36834
2012,Utah,Roosevelt,0.046820462,1,O3,40.328012,-110.01689
2012,California,Victorville,0.036620265,2,O3,34.489466,-117.35321
2012,Virginia,Alexandria,0.036241067,3,O3,38.815762,-77.09005
2012,Virginia,Hampton,0.035773712,4,O3,37.072658,-76.38992
2012,Connecticut,Cornwall,0.035259318,5,O3,41.828067,-73.332345
2012,Oklahoma,Oklahoma City,0.034558725,6,O3,35.498461,-97.39314
2012,California,Fresno,0.033123103,7,O3,36.746375,-119.639658
2012,Texas,El Paso,0.032496956,8,O3,31.694842,-106.299987
2012,Iowa,Des Moines,0.032263327,9,O3,41.672687,-93.572173
2012,Pennsylvania,Erie,0.032236804,10,O3,42.127807,-80.06351
2013,California,Victorville,0.038127937,1,O3,34.489466,-117.35321
2013,Connecticut,Cornwall,0.036681604,2,O3,41.828067,-73.332345
2013,South Dakota,Sioux Falls,0.03413656,3,O3,43.674582,-96.79134
2013,California,Long Beach,0.033215305,4,O3,33.786594,-118.298662
2013,New Mexico,Albuquerque,0.033060594,5,O3,35.044339,-106.672872
2013,Oklahoma,Oklahoma City,0.032644129,6,O3,35.498461,-97.39314
2013,Virginia,Hampton,0.03212825,7,O3,37.072658,-76.38992
2013,Texas,El Paso,0.031445633,8,O3,31.694842,-106.299987
2013,Pennsylvania,Erie,0.030694057,9,O3,42.127807,-80.06351
2013,Iowa,Des Moines,0.030333967,10,O3,41.672687,-93.572173
2014,California,Victorville,0.036414156,1,O3,34.489466,-117.35321
2014,Connecticut,Cornwall,0.03606008,2,O3,41.828067,-73.332345
2014,Virginia,Hampton,0.034335316,3,O3,37.072658,-76.38992
2014,Maryland,Grantsville,0.033747691,4,O3,39.675393,-79.17045
2014,Pennsylvania,Erie,0.032290307,5,O3,42.127807,-80.06351
2014,Oklahoma,Oklahoma City,0.032071146,6,O3,35.498461,-97.39314
2014,Nevada,Reno,0.03149046,7,O3,39.87107,-119.71313
2014,Wyoming,Riverton,0.031415018,8,O3,43.013826,-108.34879
2014,South Dakota,Sioux Falls,0.031174499,9,O3,43.674582,-96.79134
2014,New Mexico,Albuquerque,0.030883371,10,O3,35.044339,-106.672872
2015,Connecticut,Cornwall,0.037161926,1,O3,41.828067,-73.332345
2015,California,Victorville,0.035820688,2,O3,34.489466,-117.35321
2015,Virginia,Hampton,0.034590488,3,O3,37.072658,-76.38992
2015,Wyoming,Riverton,0.034094768,4,O3,43.013826,-108.34879
2015,Maryland,Grantsville,0.032741587,5,O3,39.675393,-79.17045
2015,California,Costa Mesa,0.031561362,6,O3,33.677224,-117.90863
2015,Connecticut,East Hartford,0.031504797,7,O3,41.791776,-72.718832
2015,Nevada,Reno,0.031496232,8,O3,39.87107,-119.71313
2015,Arizona,Phoenix,0.030873229,9,O3,33.276539,-112.18717
2015,Virginia,Vinton,0.030748737,10,O3,37.276218,-79.8524
2016,Maryland,Grantsville,0.035785598,1,O3,39.675393,-79.17045
2016,Iowa,Des Moines,0.033408967,2,O3,41.672687,-93.572173
2016,Rhode Island,East Providence,0.032333686,3,O3,41.8124,-71.36834
2016,Pennsylvania,Erie,0.030330636,4,O3,42.127807,-80.06351
2016,North Carolina,Charlotte,0.029987458,5,O3,35.248292,-80.82748
2016,Florida,Winter Park,0.029212923,6,O3,28.566338,-81.260818
2016,Iowa,Davenport,0.02919757,7,O3,41.613034,-90.606284
2016,Texas,Waco,0.028888364,8,O3,31.535916,-97.18588
2016,Alabama,Birmingham,0.028347745,9,O3,33.544622,-86.929208
2016,North Carolina,Raleigh,0.028302637,10,O3,35.891726,-78.63203
2000,California,Burbank,41.25766217,1,NO2,33.786594,-118.298662
2000,California,Los Angeles,40.10558158,2,NO2,34.089459,-118.3285
2000,Arizona,Scottsdale,39.31865635,3,NO2,33.798581,-111.8708
2000,California,Long Beach,31.52352101,4,NO2,33.786594,-118.298662
2000,Illinois,Chicago,31.50543902,5,NO2,41.901485,-87.74055
2000,California,Bakersfield,30.78556195,6,NO2,35.487491,-119.00896
2000,Arizona,Phoenix,29.12134222,7,NO2,33.276539,-112.18717
2000,New York,New York,27.99071698,8,NO2,40.780751,-73.977182
2000,California,Hawthorne,27.1711506,9,NO2,33.914614,-118.35092
2000,New York,New York,25.83037427,10,NO2,40.780751,-73.977182
2001,California,Burbank,41.21773584,1,NO2,33.786594,-118.298662
2001,California,Los Angeles,38.42105599,2,NO2,34.089459,-118.3285
2001,California,Los Angeles,37.58518043,3,NO2,34.089459,-118.3285
2001,New York,New York,31.23766028,4,NO2,40.780751,-73.977182
2001,California,Long Beach,30.32513064,5,NO2,33.786594,-118.298662
2001,Arizona,Phoenix,28.83645609,6,NO2,33.276539,-112.18717
2001,New Jersey,Newark,28.40896771,7,NO2,40.718772,-74.170091
2001,California,Bakersfield,28.34750223,8,NO2,35.487491,-119.00896
2001,New York,New York,28.3258537,9,NO2,40.780751,-73.977182
2001,Illinois,Cicero,27.36628471,10,NO2,41.844382,-87.7599
2002,California,Burbank,40.10670307,1,NO2,33.786594,-118.298662
2002,California,Los Angeles,34.14957657,2,NO2,34.089459,-118.3285
2002,California,Los Angeles,32.18982374,3,NO2,34.089459,-118.3285
2002,Arizona,Phoenix,29.89834899,4,NO2,33.276539,-112.18717
2002,California,Long Beach,29.46802058,5,NO2,33.786594,-118.298662
2002,New Jersey,Newark,28.12504265,6,NO2,40.718772,-74.170091
2002,New York,New York,27.71085124,7,NO2,40.780751,-73.977182
2002,New York,New York,27.60091484,8,NO2,40.780751,-73.977182
2002,Arizona,Scottsdale,25.66625475,9,NO2,33.798581,-111.8708
2002,Pennsylvania,Philadelphia,24.3249698,10,NO2,40.001811,-75.11787
2003,California,Burbank,35.58496727,1,NO2,33.786594,-118.298662
2003,California,Los Angeles,33.62585531,2,NO2,34.089459,-118.3285
2003,New Jersey,Newark,29.82006389,3,NO2,40.718772,-74.170091
2003,Arizona,Phoenix,29.32625524,4,NO2,33.276539,-112.18717
2003,California,Long Beach,28.29675504,5,NO2,33.786594,-118.298662
2003,Illinois,Cicero,27.89714635,6,NO2,41.844382,-87.7599
2003,New York,New York,26.80769574,7,NO2,40.780751,-73.977182
2003,New York,New York,26.67482917,8,NO2,40.780751,-73.977182
2003,Arizona,Scottsdale,25.02753406,9,NO2,33.798581,-111.8708
2003,Pennsylvania,Philadelphia,24.00203047,10,NO2,40.001811,-75.11787
2004,California,Los Angeles,33.75928786,1,NO2,34.089459,-118.3285
2004,California,Burbank,32.68918599,2,NO2,33.786594,-118.298662
2004,California,Hawthorne,30.26329843,3,NO2,33.914614,-118.35092
2004,California,Long Beach,27.78280496,4,NO2,33.786594,-118.298662
2004,New York,New York,24.76332599,5,NO2,40.780751,-73.977182
2004,Arizona,Phoenix,24.57303762,6,NO2,33.276539,-112.18717
2004,New York,New York,24.39757996,7,NO2,40.780751,-73.977182
2004,Illinois,Cicero,23.4009136,8,NO2,41.844382,-87.7599
2004,California,San Diego,23.34891113,9,NO2,32.706954,-117.0542
2004,Pennsylvania,Philadelphia,22.65032597,10,NO2,40.001811,-75.11787
2005,Colorado,Denver,31.47457117,1,NO2,39.648328,-105.08431
2005,California,Burbank,29.23221793,2,NO2,33.786594,-118.298662
2005,California,Los Angeles,27.53446288,3,NO2,34.089459,-118.3285
2005,New York,New York,26.82796076,4,NO2,40.780751,-73.977182
2005,Arizona,Phoenix,26.37596465,5,NO2,33.276539,-112.18717
2005,New York,New York,24.60713137,6,NO2,40.780751,-73.977182
2005,California,Long Beach,24.30321735,7,NO2,33.786594,-118.298662
2005,California,San Diego,23.95337279,8,NO2,32.706954,-117.0542
2005,Illinois,Cicero,23.10986845,9,NO2,41.844382,-87.7599
2005,California,San Diego,22.74166629,10,NO2,32.706954,-117.0542
2006,Colorado,Denver,29.10771053,1,NO2,39.648328,-105.08431
2006,California,Los Angeles,28.61046616,2,NO2,34.089459,-118.3285
2006,California,Burbank,27.38043721,3,NO2,33.786594,-118.298662
2006,Arizona,Phoenix,25.36609483,4,NO2,33.276539,-112.18717
2006,New York,New York,24.82380313,5,NO2,40.780751,-73.977182
2006,California,San Diego,23.84679829,6,NO2,32.706954,-117.0542
2006,New York,New York,23.61166535,7,NO2,40.780751,-73.977182
2006,Arizona,Scottsdale,22.68979435,8,NO2,33.798581,-111.8708
2006,California,Long Beach,21.39531154,9,NO2,33.786594,-118.298662
2006,Illinois,Cicero,21.00873797,10,NO2,41.844382,-87.7599
2007,California,Los Angeles,29.20201571,1,NO2,34.089459,-118.3285
2007,California,Burbank,28.62392099,2,NO2,33.786594,-118.298662
2007,Colorado,Denver,27.02807504,3,NO2,39.648328,-105.08431
2007,New York,New York,26.73748257,4,NO2,40.780751,-73.977182
2007,New York,New York,23.97061777,5,NO2,40.780751,-73.977182
2007,Arizona,Phoenix,23.76144977,6,NO2,33.276539,-112.18717
2007,New York,New York,22.75081464,7,NO2,40.780751,-73.977182
2007,California,San Diego,21.09709641,8,NO2,32.706954,-117.0542
2007,Arizona,Phoenix,20.91671074,9,NO2,33.276539,-112.18717
2007,Illinois,Cicero,20.78388406,10,NO2,41.844382,-87.7599
2008,Colorado,Denver,42.04014739,1,NO2,39.648328,-105.08431
2008,California,Burbank,28.56647275,2,NO2,33.786594,-118.298662
2008,California,Los Angeles,27.44913908,3,NO2,34.089459,-118.3285
2008,California,San Diego,24.70200662,4,NO2,32.706954,-117.0542
2008,New York,New York,23.27081084,5,NO2,40.780751,-73.977182
2008,New York,New York,22.91444455,6,NO2,40.780751,-73.977182
2008,Arizona,Phoenix,21.59730986,7,NO2,33.276539,-112.18717
2008,California,Long Beach,20.80485984,8,NO2,33.786594,-118.298662
2008,California,Fontana,20.27018135,9,NO2,34.839964,-115.967051
2008,Arizona,Phoenix,20.12799686,10,NO2,33.276539,-112.18717
2009,California,Los Angeles,27.2059673,1,NO2,34.089459,-118.3285
2009,California,Burbank,26.74955664,2,NO2,33.786594,-118.298662
2009,California,Fontana,23.46226491,3,NO2,34.839964,-115.967051
2009,New York,New York,21.83946432,4,NO2,40.780751,-73.977182
2009,New York,New York,21.50316724,5,NO2,40.780751,-73.977182
2009,California,San Diego,21.15142766,6,NO2,32.706954,-117.0542
2009,California,Long Beach,21.11032558,7,NO2,33.786594,-118.298662
2009,Arizona,Phoenix,20.93330074,8,NO2,33.276539,-112.18717
2009,Pennsylvania,Philadelphia,18.31395742,9,NO2,40.001811,-75.11787
2009,Arizona,Phoenix,18.24433744,10,NO2,33.276539,-112.18717
2010,California,San Diego,31.03277878,1,NO2,32.706954,-117.0542
2010,California,Los Angeles,24.96777173,2,NO2,34.089459,-118.3285
2010,California,Burbank,24.33295763,3,NO2,33.786594,-118.298662
2010,California,Fontana,24.31889313,4,NO2,34.839964,-115.967051
2010,Nevada,Reno,22.3421667,5,NO2,39.87107,-119.71313
2010,California,Chula Vista,21.90458548,6,NO2,32.638654,-117.06686
2010,California,Long Beach,21.4488183,7,NO2,33.786594,-118.298662
2010,New York,New York,20.11586494,8,NO2,40.780751,-73.977182
2010,California,Long Beach,19.75314437,9,NO2,33.786594,-118.298662
2010,New York,New York,19.29314087,10,NO2,40.780751,-73.977182
2011,California,Los Angeles,25.24928614,1,NO2,34.089459,-118.3285
2011,California,Burbank,23.14431982,2,NO2,33.786594,-118.298662
2011,California,Long Beach,21.81809715,3,NO2,33.786594,-118.298662
2011,New York,New York,21.67474169,4,NO2,40.780751,-73.977182
2011,New Jersey,Newark,21.03529215,5,NO2,40.718772,-74.170091
2011,California,Fontana,21.0200676,6,NO2,34.839964,-115.967051
2011,New York,New York,20.87197931,7,NO2,40.780751,-73.977182
2011,Arizona,Phoenix,20.37794204,8,NO2,33.276539,-112.18717
2011,Pennsylvania,Philadelphia,20.25879348,9,NO2,40.001811,-75.11787
2011,Arizona,Phoenix,19.66423436,10,NO2,33.276539,-112.18717
2012,California,Long Beach,25.36377588,1,NO2,33.786594,-118.298662
2012,California,Los Angeles,25.27324829,2,NO2,34.089459,-118.3285
2012,Colorado,Denver,23.99287412,3,NO2,39.648328,-105.08431
2012,California,Fontana,22.24671161,4,NO2,34.839964,-115.967051
2012,California,Burbank,22.0470714,5,NO2,33.786594,-118.298662
2012,Arizona,Phoenix,21.12474663,6,NO2,33.276539,-112.18717
2012,New York,New York,18.61582565,7,NO2,40.780751,-73.977182
2012,Arizona,Phoenix,18.42949228,8,NO2,33.276539,-112.18717
2012,New Jersey,Newark,18.36788668,9,NO2,40.718772,-74.170091
2012,Pennsylvania,Philadelphia,17.90548105,10,NO2,40.001811,-75.11787
2013,Colorado,Denver,24.06972597,1,NO2,39.648328,-105.08431
2013,California,Los Angeles,21.57573959,2,NO2,34.089459,-118.3285
2013,California,Long Beach,21.1973926,3,NO2,33.786594,-118.298662
2013,California,Fontana,20.73641182,4,NO2,34.839964,-115.967051
2013,California,Burbank,20.73018257,5,NO2,33.786594,-118.298662
2013,Arizona,Phoenix,19.74934525,6,NO2,33.276539,-112.18717
2013,New York,New York,18.27565433,7,NO2,40.780751,-73.977182
2013,New Jersey,Newark,18.1717366,8,NO2,40.718772,-74.170091
2013,Utah,Salt Lake City,17.66385099,9,NO2,40.769046,-111.889319
2013,New York,New York,17.56267427,10,NO2,40.780751,-73.977182
2014,Colorado,Denver,22.72596002,1,NO2,39.648328,-105.08431
2014,California,Los Angeles,22.26735893,2,NO2,34.089459,-118.3285
2014,California,Burbank,21.75370698,3,NO2,33.786594,-118.298662
2014,California,Long Beach,20.74080859,4,NO2,33.786594,-118.298662
2014,California,Fontana,20.22514462,5,NO2,34.839964,-115.967051
2014,California,El Cajon,19.90316555,6,NO2,33.016928,-116.846046
2014,Arizona,Phoenix,19.47006113,7,NO2,33.276539,-112.18717
2014,New Jersey,Newark,18.72012396,8,NO2,40.718772,-74.170091
2014,Pennsylvania,Philadelphia,18.68788305,9,NO2,40.001811,-75.11787
2014,New York,New York,17.01001991,10,NO2,40.780751,-73.977182
2015,California,Los Angeles,22.693722,1,NO2,34.089459,-118.3285
2015,Colorado,Denver,22.06775152,2,NO2,39.648328,-105.08431
2015,California,Long Beach,21.33805039,3,NO2,33.786594,-118.298662
2015,California,Fontana,18.81834953,4,NO2,34.839964,-115.967051
2015,Arizona,Phoenix,17.87159053,5,NO2,33.276539,-112.18717
2015,New York,New York,17.22776533,6,NO2,40.780751,-73.977182
2015,New York,New York,17.10523718,7,NO2,40.780751,-73.977182
2015,Utah,Salt Lake City,16.98169298,8,NO2,40.769046,-111.889319
2015,New Jersey,Newark,16.52549647,9,NO2,40.718772,-74.170091
2015,Massachusetts,Boston,14.39873825,10,NO2,42.365028,-71.05636
2016,Utah,Salt Lake City,31.51587314,1,NO2,40.769046,-111.889319
2016,Colorado,Denver,26.07871332,2,NO2,39.648328,-105.08431
2016,Arizona,Phoenix,20.32391267,3,NO2,33.276539,-112.18717
2016,New York,New York,17.87427457,4,NO2,40.780751,-73.977182
2016,New York,New York,17.82133559,5,NO2,40.780751,-73.977182
2016,Nevada,Reno,17.42081515,6,NO2,39.87107,-119.71313
2016,Texas,El Paso,16.29758592,7,NO2,31.694842,-106.299987
2016,Massachusetts,Boston,15.8292734,8,NO2,42.365028,-71.05636
2016,California,Fresno,15.33875048,9,NO2,36.746375,-119.639658
2016,California,Calexico,15.28326838,10,NO2,33.026203,-115.284581
2000,California,Burbank,1.329016441,1,CO2,33.786594,-118.298662
2000,California,Calexico,1.135875184,2,CO2,33.026203,-115.284581
2000,California,San Diego,1.093141986,3,CO2,32.706954,-117.0542
2000,California,San Diego,1.081497026,4,CO2,32.706954,-117.0542
2000,California,Los Angeles,1.066452065,5,CO2,34.089459,-118.3285
2000,Arizona,Phoenix,1.009684847,6,CO2,33.276539,-112.18717
2000,Kansas,Kansas City,0.984363693,7,CO2,39.117009,-94.76614
2000,California,Bakersfield,0.913454825,8,CO2,35.487491,-119.00896
2000,California,Hawthorne,0.913272608,9,CO2,33.914614,-118.35092
2000,Illinois,Cicero,0.872495699,10,CO2,41.844382,-87.7599
2001,California,Los Angeles,1.248253549,1,CO2,34.089459,-118.3285
2001,California,Burbank,1.150596985,2,CO2,33.786594,-118.298662
2001,California,Los Angeles,1.064049561,3,CO2,34.089459,-118.3285
2001,California,San Diego,0.974425832,4,CO2,32.706954,-117.0542
2001,California,Calexico,0.929378492,5,CO2,33.026203,-115.284581
2001,California,Hawthorne,0.869789556,6,CO2,33.914614,-118.35092
2001,Arizona,Phoenix,0.857993953,7,CO2,33.276539,-112.18717
2001,California,San Diego,0.841992555,8,CO2,32.706954,-117.0542
2001,Louisiana,Baton Rouge,0.82578909,9,CO2,30.412991,-91.171456
2001,Illinois,Cicero,0.818543606,10,CO2,41.844382,-87.7599
2002,California,Los Angeles,1.182285396,1,CO2,34.089459,-118.3285
2002,California,Burbank,1.100346581,2,CO2,33.786594,-118.298662
2002,California,Calexico,1.006642735,3,CO2,33.026203,-115.284581
2002,Arizona,Phoenix,1.003415207,4,CO2,33.276539,-112.18717
2002,California,Los Angeles,0.988784415,5,CO2,34.089459,-118.3285
2002,California,San Diego,0.917267383,6,CO2,32.706954,-117.0542
2002,California,Long Beach,0.883958088,7,CO2,33.786594,-118.298662
2002,California,Hawthorne,0.838529204,8,CO2,33.914614,-118.35092
2002,Kansas,Kansas City,0.826019513,9,CO2,39.117009,-94.76614
2002,California,San Diego,0.811426527,10,CO2,32.706954,-117.0542
2003,California,San Diego,1.005347283,1,CO2,32.706954,-117.0542
2003,California,Burbank,1.004099246,2,CO2,33.786594,-118.298662
2003,California,Los Angeles,0.959039684,3,CO2,34.089459,-118.3285
2003,California,Long Beach,0.849162086,4,CO2,33.786594,-118.298662
2003,Arizona,Phoenix,0.7849117,5,CO2,33.276539,-112.18717
2003,California,Calexico,0.783167705,6,CO2,33.026203,-115.284581
2003,California,Hawthorne,0.772472448,7,CO2,33.914614,-118.35092
2003,California,San Diego,0.761656236,8,CO2,32.706954,-117.0542
2003,Arizona,Scottsdale,0.753631275,9,CO2,33.798581,-111.8708
2003,New York,New York,0.753548468,10,CO2,40.780751,-73.977182
2004,California,San Diego,1.007324634,1,CO2,32.706954,-117.0542
2004,California,Hawthorne,0.970197956,2,CO2,33.914614,-118.35092
2004,Illinois,Cicero,0.858601019,3,CO2,41.844382,-87.7599
2004,California,San Diego,0.848104793,4,CO2,32.706954,-117.0542
2004,California,Burbank,0.782760496,5,CO2,33.786594,-118.298662
2004,California,Los Angeles,0.776921123,6,CO2,34.089459,-118.3285
2004,California,Chula Vista,0.716872908,7,CO2,32.638654,-117.06686
2004,California,Calexico,0.683007119,8,CO2,33.026203,-115.284581
2004,Arizona,Scottsdale,0.642664031,9,CO2,33.798581,-111.8708
2004,New York,New York,0.623965,10,CO2,40.780751,-73.977182
2005,California,San Diego,0.89407287,1,CO2,32.706954,-117.0542
2005,California,San Diego,0.892332183,2,CO2,32.706954,-117.0542
2005,California,San Diego,0.885484241,3,CO2,32.706954,-117.0542
2005,Arizona,Phoenix,0.775206639,4,CO2,33.276539,-112.18717
2005,California,Burbank,0.766083846,5,CO2,33.786594,-118.298662
2005,California,Long Beach,0.740479389,6,CO2,33.786594,-118.298662
2005,Colorado,Denver,0.705101854,7,CO2,39.648328,-105.08431
2005,Louisiana,Kenner,0.687323284,8,CO2,30.022853,-90.25133
2005,California,Chula Vista,0.675442416,9,CO2,32.638654,-117.06686
2005,California,Los Angeles,0.6702549,10,CO2,34.089459,-118.3285
2006,California,San Diego,0.903078154,1,CO2,32.706954,-117.0542
2006,California,Long Beach,0.751522734,2,CO2,33.786594,-118.298662
2006,Louisiana,Kenner,0.742699963,3,CO2,30.022853,-90.25133
2006,California,San Diego,0.723997067,4,CO2,32.706954,-117.0542
2006,California,Burbank,0.663388186,5,CO2,33.786594,-118.298662
2006,Arizona,Phoenix,0.658560603,6,CO2,33.276539,-112.18717
2006,Colorado,Denver,0.627339321,7,CO2,39.648328,-105.08431
2006,Arizona,Phoenix,0.62076628,8,CO2,33.276539,-112.18717
2006,California,Calexico,0.614744576,9,CO2,33.026203,-115.284581
2006,California,Chula Vista,0.611424661,10,CO2,32.638654,-117.06686
2007,California,San Diego,0.787667,1,CO2,32.706954,-117.0542
2007,California,Calexico,0.777018967,2,CO2,33.026203,-115.284581
2007,Arizona,Phoenix,0.738997582,3,CO2,33.276539,-112.18717
2007,California,Chula Vista,0.660294019,4,CO2,32.638654,-117.06686
2007,California,San Diego,0.651522362,5,CO2,32.706954,-117.0542
2007,New York,New York,0.622696937,6,CO2,40.780751,-73.977182
2007,Colorado,Denver,0.621431773,7,CO2,39.648328,-105.08431
2007,California,Long Beach,0.601046811,8,CO2,33.786594,-118.298662
2007,Arkansas,North Little Rock,0.589061088,9,CO2,34.813269,-92.30229
2007,Pennsylvania,Pittsburgh,0.585097682,10,CO2,40.434436,-80.024817
2008,California,San Diego,0.826840945,1,CO2,32.706954,-117.0542
2008,California,Calexico,0.81026115,2,CO2,33.026203,-115.284581
2008,Colorado,Denver,0.773420343,3,CO2,39.648328,-105.08431
2008,Arizona,Phoenix,0.659203914,4,CO2,33.276539,-112.18717
2008,California,San Diego,0.651396633,5,CO2,32.706954,-117.0542
2008,California,Chula Vista,0.596382296,6,CO2,32.638654,-117.06686
2008,New York,New York,0.547082525,7,CO2,40.780751,-73.977182
2008,California,Burbank,0.544017604,8,CO2,33.786594,-118.298662
2008,California,Long Beach,0.530011471,9,CO2,33.786594,-118.298662
2008,New Hampshire,Manchester,0.507567283,10,CO2,42.952124,-71.653939
2009,California,Calexico,0.968844424,1,CO2,33.026203,-115.284581
2009,California,San Diego,0.721242974,2,CO2,32.706954,-117.0542
2009,California,Los Angeles,0.574179413,3,CO2,34.089459,-118.3285
2009,Arizona,Phoenix,0.568751163,4,CO2,33.276539,-112.18717
2009,California,San Diego,0.55919241,5,CO2,32.706954,-117.0542
2009,California,Chula Vista,0.54884328,6,CO2,32.638654,-117.06686
2009,New York,New York,0.541661564,7,CO2,40.780751,-73.977182
2009,California,Burbank,0.506602864,8,CO2,33.786594,-118.298662
2009,California,Long Beach,0.50218206,9,CO2,33.786594,-118.298662
2009,Connecticut,East Hartford,0.49090422,10,CO2,41.791776,-72.718832
2010,California,San Diego,0.92627475,1,CO2,32.706954,-117.0542
2010,California,Calexico,0.876340057,2,CO2,33.026203,-115.284581
2010,California,Chula Vista,0.729743873,3,CO2,32.638654,-117.06686
2010,New York,New York,0.547651257,4,CO2,40.780751,-73.977182
2010,Pennsylvania,Pittsburgh,0.53559057,5,CO2,40.434436,-80.024817
2010,California,Los Angeles,0.531439452,6,CO2,34.089459,-118.3285
2010,California,San Diego,0.529421117,7,CO2,32.706954,-117.0542
2010,Arizona,Phoenix,0.48448008,8,CO2,33.276539,-112.18717
2010,Arkansas,North Little Rock,0.45463376,9,CO2,34.813269,-92.30229
2010,New Hampshire,Manchester,0.442154099,10,CO2,42.952124,-71.653939
2011,California,Calexico,0.864724222,1,CO2,33.026203,-115.284581
2011,California,Los Angeles,0.576956366,2,CO2,34.089459,-118.3285
2011,Arizona,Phoenix,0.530692701,3,CO2,33.276539,-112.18717
2011,California,San Diego,0.517388541,4,CO2,32.706954,-117.0542
2011,California,Burbank,0.48804103,5,CO2,33.786594,-118.298662
2011,New York,New York,0.464582364,6,CO2,40.780751,-73.977182
2011,Kansas,Kansas City,0.451442347,7,CO2,39.117009,-94.76614
2011,Pennsylvania,Charleroi,0.451054687,8,CO2,40.136537,-79.91321
2011,Arkansas,North Little Rock,0.447126725,9,CO2,34.813269,-92.30229
2011,Florida,Winter Park,0.43369493,10,CO2,28.566338,-81.260818
2012,California,Long Beach,0.629991575,1,CO2,33.786594,-118.298662
2012,California,Los Angeles,0.593473508,2,CO2,34.089459,-118.3285
2012,California,Los Angeles,0.511351516,3,CO2,34.089459,-118.3285
2012,Kansas,Kansas City,0.510675077,4,CO2,39.117009,-94.76614
2012,California,Burbank,0.486942573,5,CO2,33.786594,-118.298662
2012,California,Oakland,0.475002025,6,CO2,37.806427,-122.28898
2012,Arkansas,North Little Rock,0.467362157,7,CO2,34.813269,-92.30229
2012,California,Calexico,0.463607216,8,CO2,33.026203,-115.284581
2012,Pennsylvania,Johnstown,0.453788763,9,CO2,40.348973,-78.94132
2012,New York,New York,0.445222985,10,CO2,40.780751,-73.977182
2013,California,Long Beach,0.556483379,1,CO2,33.786594,-118.298662
2013,California,Oakland,0.515576309,2,CO2,37.806427,-122.28898
2013,California,Los Angeles,0.487355918,3,CO2,34.089459,-118.3285
2013,California,Calexico,0.483738206,4,CO2,33.026203,-115.284581
2013,California,Los Angeles,0.477993397,5,CO2,34.089459,-118.3285
2013,Arizona,Phoenix,0.438522778,6,CO2,33.276539,-112.18717
2013,Kansas,Kansas City,0.435788135,7,CO2,39.117009,-94.76614
2013,California,Burbank,0.434697918,8,CO2,33.786594,-118.298662
2013,California,Fresno,0.419218986,9,CO2,36.746375,-119.639658
2013,Maine,Portland,0.413740915,10,CO2,43.658632,-70.2911
2014,California,Long Beach,0.519536002,1,CO2,33.786594,-118.298662
2014,California,El Cajon,0.518671364,2,CO2,33.016928,-116.846046
2014,California,Los Angeles,0.51207933,3,CO2,34.089459,-118.3285
2014,California,Oakland,0.510014608,4,CO2,37.806427,-122.28898
2014,Arizona,Phoenix,0.485634019,5,CO2,33.276539,-112.18717
2014,Arizona,Phoenix,0.479253456,6,CO2,33.276539,-112.18717
2014,California,Los Angeles,0.474779534,7,CO2,34.089459,-118.3285
2014,Florida,Winter Park,0.457568146,8,CO2,28.566338,-81.260818
2014,Alaska,Fairbanks,0.455443869,9,CO2,64.826445,-147.38884
2014,California,Burbank,0.448214043,10,CO2,33.786594,-118.298662
2015,California,Oakland,0.526987313,1,CO2,37.806427,-122.28898
2015,Florida,Winter Park,0.514102397,2,CO2,28.566338,-81.260818
2015,California,Los Angeles,0.475155969,3,CO2,34.089459,-118.3285
2015,California,San Pablo,0.454331662,4,CO2,37.972623,-122.33873
2015,Arizona,Phoenix,0.423795559,5,CO2,33.276539,-112.18717
2015,Arizona,Phoenix,0.418617494,6,CO2,33.276539,-112.18717
2015,California,Long Beach,0.408193604,7,CO2,33.786594,-118.298662
2015,Alaska,Fairbanks,0.405221246,8,CO2,64.826445,-147.38884
2015,California,Vallejo,0.400223063,9,CO2,38.098737,-122.271251
2015,Colorado,Denver,0.387489857,10,CO2,39.648328,-105.08431
2016,Arizona,Phoenix,0.641625222,1,CO2,33.276539,-112.18717
2016,Florida,Winter Park,0.57366844,2,CO2,28.566338,-81.260818
2016,California,Oakland,0.53214356,3,CO2,37.806427,-122.28898
2016,Utah,Salt Lake City,0.515134,4,CO2,40.769046,-111.889319
2016,California,Calexico,0.512508907,5,CO2,33.026203,-115.284581
2016,California,Fresno,0.477026491,6,CO2,36.746375,-119.639658
2016,Colorado,Denver,0.449333484,7,CO2,39.648328,-105.08431
2016,California,San Pablo,0.431087168,8,CO2,37.972623,-122.33873
2016,California,Vallejo,0.422569719,9,CO2,38.098737,-122.271251
2016,California,Victorville,0.407805386,10,CO2,34.489466,-117.35321
2000,Virginia,McLean,10.38731826,1,SO2,38.831813,-77.288755
2000,Pennsylvania,Greensburg,9.956341814,2,SO2,40.360223,-79.439801
2000,Pennsylvania,Pittsburgh,9.566587915,3,SO2,40.434436,-80.024817
2000,New York,New York,8.865486466,4,SO2,40.780751,-73.977182
2000,Kentucky,Ashland,6.938418089,5,SO2,38.439526,-82.6932
2000,Pennsylvania,New Castle,6.847838082,6,SO2,41.038205,-80.34539
2000,Pennsylvania,Charleroi,6.752050186,7,SO2,40.136537,-79.91321
2000,New York,Holtsville,6.694274297,8,SO2,40.922326,-72.637078
2000,New York,New York,6.511373161,9,SO2,40.780751,-73.977182
2000,New Jersey,Camden,6.277910829,10,SO2,39.80237,-74.938259
2001,New York,New York,11.23806958,1,SO2,40.780751,-73.977182
2001,Pennsylvania,Greensburg,10.60003768,2,SO2,40.360223,-79.439801
2001,Pennsylvania,New Castle,9.290409042,3,SO2,41.038205,-80.34539
2001,Pennsylvania,Pittsburgh,7.64050359,4,SO2,40.434436,-80.024817
2001,New York,New York,7.432673882,5,SO2,40.780751,-73.977182
2001,Illinois,East Saint Louis,7.381571022,6,SO2,38.564451,-90.1628
2001,New York,New York,6.809845874,7,SO2,40.780751,-73.977182
2001,Pennsylvania,Beaver Falls,6.519608455,8,SO2,40.763899,-80.33572
2001,New Jersey,Camden,6.324002464,9,SO2,39.80237,-74.938259
2001,New York,Holtsville,6.019885522,10,SO2,40.922326,-72.637078
2002,Pennsylvania,Pittsburgh,9.909117042,1,SO2,40.434436,-80.024817
2002,New York,New York,8.604967887,2,SO2,40.780751,-73.977182
2002,New Jersey,Camden,7.054558848,3,SO2,39.80237,-74.938259
2002,Pennsylvania,Bristol,6.252901507,4,SO2,40.108943,-74.85548
2002,New York,New York,6.249425047,5,SO2,40.780751,-73.977182
2002,Pennsylvania,Reading,6.225019707,6,SO2,40.4389,-75.885303
2002,New York,Holtsville,5.589990979,7,SO2,40.922326,-72.637078
2002,Pennsylvania,Johnstown,5.412563218,8,SO2,40.348973,-78.94132
2002,Pennsylvania,Beaver Falls,5.35234195,9,SO2,40.763899,-80.33572
2002,Illinois,East Saint Louis,5.304930813,10,SO2,38.564451,-90.1628
2003,Pennsylvania,Pittsburgh,8.762058507,1,SO2,40.434436,-80.024817
2003,New York,New York,8.629171185,2,SO2,40.780751,-73.977182
2003,Pennsylvania,Greensburg,7.65949424,3,SO2,40.360223,-79.439801
2003,Pennsylvania,New Castle,7.316846521,4,SO2,41.038205,-80.34539
2003,New York,New York,7.282012827,5,SO2,40.780751,-73.977182
2003,New Jersey,Camden,7.126531812,6,SO2,39.80237,-74.938259
2003,New York,Holtsville,6.226439117,7,SO2,40.922326,-72.637078
2003,Texas,Houston,6.135390612,8,SO2,29.733181,-95.43131
2003,Massachusetts,Boston,6.004032996,9,SO2,42.365028,-71.05636
2003,New Jersey,Newark,5.930289428,10,SO2,40.718772,-74.170091
2004,New York,New York,8.659969158,1,SO2,40.780751,-73.977182
2004,Pennsylvania,Reading,7.197700653,2,SO2,40.4389,-75.885303
2004,New York,Holtsville,6.777466646,3,SO2,40.922326,-72.637078
2004,Pennsylvania,Beaver Falls,6.581331726,4,SO2,40.763899,-80.33572
2004,Texas,Houston,6.500625311,5,SO2,29.733181,-95.43131
2004,Pennsylvania,Charleroi,6.241291688,6,SO2,40.136537,-79.91321
2004,Pennsylvania,New Castle,6.09861653,7,SO2,41.038205,-80.34539
2004,New Jersey,Camden,5.605666237,8,SO2,39.80237,-74.938259
2004,Illinois,Cicero,5.485669355,9,SO2,41.844382,-87.7599
2004,Pennsylvania,Greensburg,5.458187415,10,SO2,40.360223,-79.439801
2005,Pennsylvania,Erie,8.633712866,1,SO2,42.127807,-80.06351
2005,New York,New York,8.525460011,2,SO2,40.780751,-73.977182
2005,Pennsylvania,Charleroi,8.290319287,3,SO2,40.136537,-79.91321
2005,Pennsylvania,Pittsburgh,8.129954646,4,SO2,40.434436,-80.024817
2005,New York,Holtsville,7.253659411,5,SO2,40.922326,-72.637078
2005,Texas,Houston,7.131748829,6,SO2,29.733181,-95.43131
2005,Pennsylvania,Reading,6.474389791,7,SO2,40.4389,-75.885303
2005,New York,New York,6.298294521,8,SO2,40.780751,-73.977182
2005,Pennsylvania,Greensburg,6.030377766,9,SO2,40.360223,-79.439801
2005,Pennsylvania,New Castle,5.954947796,10,SO2,41.038205,-80.34539
2006,Pennsylvania,Erie,7.797266832,1,SO2,42.127807,-80.06351
2006,Pennsylvania,Pittsburgh,6.813070249,2,SO2,40.434436,-80.024817
2006,Pennsylvania,Johnstown,6.71838407,3,SO2,40.348973,-78.94132
2006,New York,New York,6.65055895,4,SO2,40.780751,-73.977182
2006,Pennsylvania,Beaver Falls,6.509796598,5,SO2,40.763899,-80.33572
2006,Pennsylvania,Norristown,6.362941381,6,SO2,39.983153,-75.748055
2006,Pennsylvania,Charleroi,6.362879182,7,SO2,40.136537,-79.91321
2006,Virginia,McLean,5.601100486,8,SO2,38.831813,-77.288755
2006,New York,New York,5.192463003,9,SO2,40.780751,-73.977182
2006,Texas,Houston,5.104561031,10,SO2,29.733181,-95.43131
2007,New York,New York,12.66700291,1,SO2,40.780751,-73.977182
2007,Pennsylvania,Charleroi,9.465324941,2,SO2,40.136537,-79.91321
2007,Pennsylvania,New Castle,8.173272557,3,SO2,41.038205,-80.34539
2007,Pennsylvania,Erie,7.970687053,4,SO2,42.127807,-80.06351
2007,Pennsylvania,Beaver Falls,7.927574915,5,SO2,40.763899,-80.33572
2007,New York,New York,6.742862218,6,SO2,40.780751,-73.977182
2007,Pennsylvania,York,5.340700005,7,SO2,39.962463,-76.72887
2007,Pennsylvania,Norristown,5.183621692,8,SO2,39.983153,-75.748055
2007,Pennsylvania,Pittsburgh,5.167044997,9,SO2,40.434436,-80.024817
2007,Virginia,McLean,5.12339465,10,SO2,38.831813,-77.288755
2008,Pennsylvania,Erie,9.089511837,1,SO2,42.127807,-80.06351
2008,Pennsylvania,Charleroi,6.405212399,2,SO2,40.136537,-79.91321
2008,New York,New York,5.902629633,3,SO2,40.780751,-73.977182
2008,Pennsylvania,New Castle,4.881406479,4,SO2,41.038205,-80.34539
2008,Pennsylvania,Greensburg,4.801354792,5,SO2,40.360223,-79.439801
2008,Virginia,Annandale,4.657830441,6,SO2,38.830345,-77.21387
2008,New York,New York,4.611306014,7,SO2,40.780751,-73.977182
2008,Pennsylvania,Johnstown,4.502486553,8,SO2,40.348973,-78.94132
2008,Pennsylvania,Pittsburgh,4.108470746,9,SO2,40.434436,-80.024817
2008,New York,Holtsville,4.047641314,10,SO2,40.922326,-72.637078
2009,Pennsylvania,Erie,7.032341383,1,SO2,42.127807,-80.06351
2009,New York,New York,5.287566167,2,SO2,40.780751,-73.977182
2009,Kansas,Kansas City,4.652079026,3,SO2,39.117009,-94.76614
2009,Virginia,McLean,4.436240367,4,SO2,38.831813,-77.288755
2009,Pennsylvania,Charleroi,4.272076004,5,SO2,40.136537,-79.91321
2009,Pennsylvania,Bristol,4.111847253,6,SO2,40.108943,-74.85548
2009,New York,New York,3.599098579,7,SO2,40.780751,-73.977182
2009,California,San Diego,3.485063532,8,SO2,32.706954,-117.0542
2009,Ohio,Athens,3.41303563,9,SO2,39.322847,-82.09728
2009,Virginia,Annandale,3.393043633,10,SO2,38.830345,-77.21387
2010,Kansas,Kansas City,5.189308908,1,SO2,39.117009,-94.76614
2010,New York,New York,4.823191203,2,SO2,40.780751,-73.977182
2010,Pennsylvania,Pittsburgh,4.703862121,3,SO2,40.434436,-80.024817
2010,Pennsylvania,Erie,4.661402979,4,SO2,42.127807,-80.06351
2010,Pennsylvania,Charleroi,4.290840028,5,SO2,40.136537,-79.91321
2010,Illinois,Cicero,3.92291551,6,SO2,41.844382,-87.7599
2010,California,San Diego,3.521498575,7,SO2,32.706954,-117.0542
2010,New York,Holtsville,3.269291779,8,SO2,40.922326,-72.637078
2010,Pennsylvania,Johnstown,3.261864701,9,SO2,40.348973,-78.94132
2010,New York,New York,2.857755328,10,SO2,40.780751,-73.977182
2011,Illinois,Cicero,5.135905299,1,SO2,41.844382,-87.7599
2011,Ohio,Cleveland,4.850873719,2,SO2,41.473451,-81.7358
2011,New York,New York,4.63887147,3,SO2,40.780751,-73.977182
2011,Pennsylvania,Charleroi,4.358563308,4,SO2,40.136537,-79.91321
2011,Ohio,Cincinnati,3.96801459,5,SO2,39.166759,-84.53822
2011,Kansas,Kansas City,3.618949336,6,SO2,39.117009,-94.76614
2011,New York,New York,3.35421399,7,SO2,40.780751,-73.977182
2011,California,San Pablo,3.246104147,8,SO2,37.972623,-122.33873
2011,Pennsylvania,Pittsburgh,2.708689228,9,SO2,40.434436,-80.024817
2011,Pennsylvania,Pittsburgh,2.501130314,10,SO2,40.434436,-80.024817
2012,Pennsylvania,Johnstown,4.472488413,1,SO2,40.348973,-78.94132
2012,Ohio,Cincinnati,4.01234594,2,SO2,39.166759,-84.53822
2012,New York,New York,3.256109011,3,SO2,40.780751,-73.977182
2012,Pennsylvania,Erie,3.211456889,4,SO2,42.127807,-80.06351
2012,Pennsylvania,Pittsburgh,3.103841024,5,SO2,40.434436,-80.024817
2012,Ohio,Cleveland,3.035691645,6,SO2,41.473451,-81.7358
2012,Kansas,Kansas City,2.808529079,7,SO2,39.117009,-94.76614
2012,Pennsylvania,Charleroi,2.614254928,8,SO2,40.136537,-79.91321
2012,Pennsylvania,Bristol,2.111329721,9,SO2,40.108943,-74.85548
2012,Colorado,Denver,2.015795707,10,SO2,39.648328,-105.08431
2013,Pennsylvania,Johnstown,4.389187529,1,SO2,40.348973,-78.94132
2013,Pennsylvania,Charleroi,3.296531131,2,SO2,40.136537,-79.91321
2013,Pennsylvania,Pittsburgh,3.070315978,3,SO2,40.434436,-80.024817
2013,Ohio,Cincinnati,2.429908182,4,SO2,39.166759,-84.53822
2013,New York,New York,2.399730481,5,SO2,40.780751,-73.977182
2013,Ohio,Cleveland,2.264860909,6,SO2,41.473451,-81.7358
2013,Pennsylvania,Bristol,2.12074052,7,SO2,40.108943,-74.85548
2013,Kansas,Kansas City,2.043392455,8,SO2,39.117009,-94.76614
2013,Maine,Portland,1.898741598,9,SO2,43.658632,-70.2911
2013,Colorado,Denver,1.830906962,10,SO2,39.648328,-105.08431
2014,Alaska,Fairbanks,5.951531268,1,SO2,64.826445,-147.38884
2014,Pennsylvania,Johnstown,3.67913025,2,SO2,40.348973,-78.94132
2014,Pennsylvania,Bristol,3.534322985,3,SO2,40.108943,-74.85548
2014,Ohio,Cleveland,2.41350297,4,SO2,41.473451,-81.7358
2014,Pennsylvania,Philadelphia,2.401465745,5,SO2,40.001811,-75.11787
2014,Pennsylvania,Charleroi,2.314349947,6,SO2,40.136537,-79.91321
2014,Pennsylvania,York,2.285477395,7,SO2,39.962463,-76.72887
2014,Ohio,Cincinnati,1.955207701,8,SO2,39.166759,-84.53822
2014,New York,New York,1.768892939,9,SO2,40.780751,-73.977182
2014,Kansas,Kansas City,1.758327865,10,SO2,39.117009,-94.76614
2015,Alaska,Fairbanks,6.159010971,1,SO2,64.826445,-147.38884
2015,Ohio,Cleveland,2.422572266,2,SO2,41.473451,-81.7358
2015,Pennsylvania,Charleroi,1.923754173,3,SO2,40.136537,-79.91321
2015,Pennsylvania,Johnstown,1.854633209,4,SO2,40.348973,-78.94132
2015,Pennsylvania,York,1.734484735,5,SO2,39.962463,-76.72887
2015,Ohio,Cincinnati,1.632212785,6,SO2,39.166759,-84.53822
2015,Kansas,Kansas City,1.542131605,7,SO2,39.117009,-94.76614
2015,Maryland,Essex,1.405795839,8,SO2,39.307737,-76.45171
2015,Illinois,East Saint Louis,1.405317489,9,SO2,38.564451,-90.1628
2015,Maine,Portland,1.381870699,10,SO2,43.658632,-70.2911
2016,Ohio,Cleveland,2.02547412,1,SO2,41.473451,-81.7358
2016,Pennsylvania,Johnstown,1.897321726,2,SO2,40.348973,-78.94132
2016,Pennsylvania,York,1.674955331,3,SO2,39.962463,-76.72887
2016,Oklahoma,Tulsa,1.489844795,4,SO2,36.096296,-95.8847
2016,California,Bethel Island,1.471693483,5,SO2,38.040395,-121.63852
2016,New York,New York,1.261351351,6,SO2,40.780751,-73.977182
2016,Maryland,Essex,1.157054176,7,SO2,39.307737,-76.45171
2016,Louisiana,Baton Rouge,1.113256461,8,SO2,30.412991,-91.171456
2016,Kansas,Kansas City,1.084589566,9,SO2,39.117009,-94.76614
2016,Illinois,East Saint Louis,1.057717748,10,SO2,38.564451,-90.1628
